case_name,mode,num_states,num_interventions,optimistic_value,pessimistic_value,margin,tau05_true_goal_prob,tau05_decoy_prob,runtime_seconds
paper_style_attack_graph,exact_standard,13,2,0.67646888,0.32923197,0.0,0.35546875,0.63671875,0.0
paper_style_attack_graph,exact_robust,13,2,0.67646887,0.67646842,0.4,0.2729154321840668,0.7182241805917806,0.0
branching_enterprise_graph,exact_standard,14,3,0.712975,0.34294988,0.0,0.36216413982504375,0.6292050095263127,0.0
branching_enterprise_graph,exact_robust,14,3,0.712975,0.34294988,0.0,0.36216413982504375,0.6292050095263127,0.0
lateral_movement_graph,exact_standard,16,3,0.70850762,0.62908607,0.0,0.3752164597906318,0.6143558569103871,0.0
lateral_movement_graph,exact_robust,16,3,0.70850763,0.7085074,0.4,0.23830220463703125,0.7506734298567431,0.0
large_enterprise_64,scalable_heuristic,65,10,0.7993038764717,0.79926379573563,0.5,0.001601675201935166,0.995329426792999,11.255030670999986
large_enterprise_120,scalable_heuristic,121,16,0.7993043537035124,0.799304128694186,0.5,0.000028567698664170564,0.9999679565349814,9.332088703999943
